,Season,Seed,Team_Id,Team_Name
0,1985,W01,1207,Georgetown
1,1986,X04,1207,Georgetown
2,1987,X01,1207,Georgetown
3,1988,W08,1207,Georgetown
4,1989,W01,1207,Georgetown
5,1990,X03,1207,Georgetown
6,1991,Z08,1207,Georgetown
7,1992,X06,1207,Georgetown
8,1994,Y09,1207,Georgetown
9,1995,Z06,1207,Georgetown
10,1996,W02,1207,Georgetown
11,1997,Z10,1207,Georgetown
12,2001,X10,1207,Georgetown
13,2006,Y07,1207,Georgetown
14,2007,W02,1207,Georgetown
15,2008,X02,1207,Georgetown
16,2010,Y03,1207,Georgetown
17,2011,Z06,1207,Georgetown
18,2012,X03,1207,Georgetown
19,2013,X02,1207,Georgetown
20,2015,X04,1207,Georgetown
21,1985,W02,1210,Georgia Tech
22,1986,Y02,1210,Georgia Tech
23,1987,Y07,1210,Georgia Tech
24,1988,W05,1210,Georgia Tech
25,1989,Y06,1210,Georgia Tech
26,1990,Y04,1210,Georgia Tech
27,1991,Y08,1210,Georgia Tech
28,1992,Y07,1210,Georgia Tech
29,1993,Z04,1210,Georgia Tech
30,1996,Y03,1210,Georgia Tech
31,2001,X08,1210,Georgia Tech
32,2004,Z03,1210,Georgia Tech
33,2005,W05,1210,Georgia Tech
34,2007,Y10,1210,Georgia Tech
35,2010,Y10,1210,Georgia Tech
36,1985,W03,1228,Illinois
37,1986,Y04,1228,Illinois
38,1987,X03,1228,Illinois
39,1988,Y03,1228,Illinois
40,1989,Y01,1228,Illinois
41,1990,X05,1228,Illinois
42,1993,Z06,1228,Illinois
43,1994,Y08,1228,Illinois
44,1995,W11,1228,Illinois
45,1997,X06,1228,Illinois
46,1998,X05,1228,Illinois
47,2000,W04,1228,Illinois
48,2001,Y01,1228,Illinois
49,2002,X04,1228,Illinois
50,2003,Z04,1228,Illinois
51,2004,W05,1228,Illinois
52,2005,X01,1228,Illinois
53,2006,Z04,1228,Illinois
54,2007,Z12,1228,Illinois
55,2009,X05,1228,Illinois
56,2011,Z09,1228,Illinois
57,2013,W07,1228,Illinois
58,1985,W04,1260,Loyola-Chicago
59,1985,W05,1374,SMU
60,1988,W07,1374,SMU
61,1993,X10,1374,SMU
62,2015,X06,1374,SMU
63,1985,W06,1208,Georgia
64,1987,Z08,1208,Georgia
65,1990,X07,1208,Georgia
66,1991,X11,1208,Georgia
67,1996,Z08,1208,Georgia
68,1997,X03,1208,Georgia
69,2001,W08,1208,Georgia
70,2002,W03,1208,Georgia
71,2008,Z14,1208,Georgia
72,2011,W10,1208,Georgia
73,2015,W10,1208,Georgia
74,1985,W07,1393,Syracuse
75,1986,W02,1393,Syracuse
76,1987,W02,1393,Syracuse
77,1988,W03,1393,Syracuse
78,1989,Y02,1393,Syracuse
79,1990,Y02,1393,Syracuse
80,1991,W02,1393,Syracuse
81,1992,W06,1393,Syracuse
82,1994,Z04,1393,Syracuse
83,1995,Y07,1393,Syracuse
84,1996,Z04,1393,Syracuse
85,1998,Z05,1393,Syracuse
86,1999,Y08,1393,Syracuse
87,2000,Y04,1393,Syracuse
88,2001,Y05,1393,Syracuse
89,2003,W03,1393,Syracuse
90,2004,X05,1393,Syracuse
91,2005,Y04,1393,Syracuse
92,2006,W05,1393,Syracuse
93,2009,X03,1393,Syracuse
94,2010,Z01,1393,Syracuse
95,2011,W03,1393,Syracuse
96,2012,W01,1393,Syracuse
97,2013,W04,1393,Syracuse
98,2014,X03,1393,Syracuse
99,2016,X10,1393,Syracuse
100,1985,W08,1396,Temple
101,1986,X09,1396,Temple
102,1987,Y02,1396,Temple
103,1988,W01,1396,Temple
104,1990,W11,1396,Temple
105,1991,W10,1396,Temple
106,1992,Z11,1396,Temple
107,1993,Z07,1396,Temple
108,1994,W04,1396,Temple
109,1995,X10,1396,Temple
110,1996,Y07,1396,Temple
111,1997,Y09,1396,Temple
112,1998,X07,1396,Temple
113,1999,W06,1396,Temple
114,2000,W02,1396,Temple
115,2001,Z11,1396,Temple
116,2008,Y12,1396,Temple
117,2009,X11,1396,Temple
118,2010,W05,1396,Temple
119,2011,X07,1396,Temple
120,2012,X05,1396,Temple
121,2013,W09,1396,Temple
122,2016,Y10,1396,Temple
123,1985,W09,1439,Virginia Tech
124,1986,Y07,1439,Virginia Tech
125,1996,X09,1439,Virginia Tech
126,2007,Z05,1439,Virginia Tech
127,1985,W10,1177,DePaul
128,1986,W12,1177,DePaul
129,1987,Y03,1177,DePaul
130,1988,X05,1177,DePaul
131,1989,X12,1177,DePaul
132,1991,Y09,1177,DePaul
133,1992,X05,1177,DePaul
134,2000,W09,1177,DePaul
135,2004,X07,1177,DePaul
136,1985,W11,1455,Wichita St
137,1987,Y11,1455,Wichita St
138,1988,X12,1455,Wichita St
139,2006,Z07,1455,Wichita St
140,2012,Y05,1455,Wichita St
141,2013,Z09,1455,Wichita St
142,2014,Y01,1455,Wichita St
143,2015,Y07,1455,Wichita St
144,2016,Y11b,1455,Wichita St
145,1985,W12,1330,Old Dominion
146,1986,W08,1330,Old Dominion
147,1992,W15,1330,Old Dominion
148,1995,W14,1330,Old Dominion
149,1997,W14,1330,Old Dominion
150,2005,Y12,1330,Old Dominion
151,2007,Y12,1330,Old Dominion
152,2010,X11,1330,Old Dominion
153,2011,Y09,1330,Old Dominion
154,1985,W13,1233,Iona
155,1998,Z12,1233,Iona
156,2000,Y14,1233,Iona
157,2001,Y14,1233,Iona
158,2006,W13,1233,Iona
159,2012,Z14b,1233,Iona
160,2013,Z15,1233,Iona
161,2016,X13,1233,Iona
162,1985,W14,1318,Northeastern
163,1986,W13,1318,Northeastern
164,1987,W14,1318,Northeastern
165,1991,W16,1318,Northeastern
166,2015,Y14,1318,Northeastern
167,1985,W15,1273,Mercer
168,2014,Y14,1273,Mercer
169,1985,W16,1250,Lehigh
170,1988,W16,1250,Lehigh
171,2004,Z16b,1250,Lehigh
172,2010,Y16,1250,Lehigh
173,2012,Y15,1250,Lehigh
174,1985,X01,1385,St John's
175,1986,Z01,1385,St John's
176,1987,Y06,1385,St John's
177,1988,Z11,1385,St John's
178,1990,W06,1385,St John's
179,1991,Y04,1385,St John's
180,1992,Z07,1385,St John's
181,1993,W05,1385,St John's
182,1998,Y07,1385,St John's
183,1999,Y03,1385,St John's
184,2000,Z02,1385,St John's
185,2002,W09,1385,St John's
186,2011,Y06,1385,St John's
187,2015,X09,1385,St John's
188,1985,X02,1433,VA Commonwealth
189,1996,Y12,1433,VA Commonwealth
190,2004,Y13,1433,VA Commonwealth
191,2007,Z11,1433,VA Commonwealth
192,2009,W11,1433,VA Commonwealth
193,2011,Z11b,1433,VA Commonwealth
194,2012,Y12,1433,VA Commonwealth
195,2013,X05,1433,VA Commonwealth
196,2014,X05,1433,VA Commonwealth
197,2015,Z07,1433,VA Commonwealth
198,2016,Z10,1433,VA Commonwealth
199,1985,X03,1301,NC State
200,1986,X06,1301,NC State
201,1987,W11,1301,NC State
202,1988,X03,1301,NC State
203,1989,W05,1301,NC State
204,1991,W06,1301,NC State
205,2002,W07,1301,NC State
206,2003,W09,1301,NC State
207,2004,X03,1301,NC State
208,2005,Z10,1301,NC State
209,2006,W10,1301,NC State
210,2012,X11,1301,NC State
211,2013,W08,1301,NC State
212,2014,Y12a,1301,NC State
213,2015,W08,1301,NC State
214,1985,X04,1424,UNLV
215,1986,Z04,1424,UNLV
216,1987,Z01,1424,UNLV
217,1988,Z04,1424,UNLV
218,1989,X04,1424,UNLV
219,1990,Z01,1424,UNLV
220,1991,Z01,1424,UNLV
221,1998,W12,1424,UNLV
222,2000,X10,1424,UNLV
223,2007,Y07,1424,UNLV
224,2008,X08,1424,UNLV
225,2010,Y08,1424,UNLV
226,2011,Z08,1424,UNLV
227,2012,Y06,1424,UNLV
228,2013,W05,1424,UNLV
229,1985,X05,1449,Washington
230,1986,X12,1449,Washington
231,1998,W11,1449,Washington
232,1999,X07,1449,Washington
233,2004,Z08,1449,Washington
234,2005,W01,1449,Washington
235,2006,Z05,1449,Washington
236,2009,Z04,1449,Washington
237,2010,W11,1449,Washington
238,2011,W07,1449,Washington
239,1985,X06,1409,Tulsa
240,1986,W10,1409,Tulsa
241,1987,Z11,1409,Tulsa
242,1994,Y12,1409,Tulsa
243,1995,W06,1409,Tulsa
244,1996,X11,1409,Tulsa
245,1997,Y05,1409,Tulsa
246,1999,W09,1409,Tulsa
247,2000,X07,1409,Tulsa
248,2002,W12,1409,Tulsa
249,2003,Y13,1409,Tulsa
250,2014,X13,1409,Tulsa
251,2016,W11b,1409,Tulsa
252,1985,X07,1104,Alabama
253,1986,Y05,1104,Alabama
254,1987,X02,1104,Alabama
255,1989,Z06,1104,Alabama
256,1990,Z07,1104,Alabama
257,1991,X04,1104,Alabama
258,1992,Z05,1104,Alabama
259,1994,X09,1104,Alabama
260,1995,W05,1104,Alabama
261,2002,Y02,1104,Alabama
262,2003,Y10,1104,Alabama
263,2004,X08,1104,Alabama
264,2005,X05,1104,Alabama
265,2006,X10,1104,Alabama
266,2012,X09,1104,Alabama
267,1985,X08,1234,Iowa
268,1986,X11,1234,Iowa
269,1987,Z02,1234,Iowa
270,1988,Z05,1234,Iowa
271,1989,W04,1234,Iowa
272,1991,Y07,1234,Iowa
273,1992,W09,1234,Iowa
274,1993,Y04,1234,Iowa
275,1996,Z06,1234,Iowa
276,1997,Z08,1234,Iowa
277,1999,Z05,1234,Iowa
278,2001,W07,1234,Iowa
279,2005,Y10,1234,Iowa
280,2006,W03,1234,Iowa
281,2014,Y11a,1234,Iowa
282,2015,X07,1234,Iowa
283,2016,Y07,1234,Iowa
284,1985,X09,1116,Arkansas
285,1988,Y11,1116,Arkansas
286,1989,Y05,1116,Arkansas
287,1990,X04,1116,Arkansas
288,1991,X01,1116,Arkansas
289,1992,Y03,1116,Arkansas
290,1993,W04,1116,Arkansas
291,1994,Y01,1116,Arkansas
292,1995,Y02,1116,Arkansas
293,1996,W12,1116,Arkansas
294,1998,X06,1116,Arkansas
295,1999,Z04,1116,Arkansas
296,2000,X11,1116,Arkansas
297,2001,X07,1116,Arkansas
298,2006,X08,1116,Arkansas
299,2007,W12,1116,Arkansas
300,2008,W09,1116,Arkansas
301,2015,Z05,1116,Arkansas
302,1985,X10,1112,Arizona
303,1986,Z09,1112,Arizona
304,1987,Z10,1112,Arizona
305,1988,Z01,1112,Arizona
306,1989,X01,1112,Arizona
307,1990,Z02,1112,Arizona
308,1991,Z02,1112,Arizona
309,1992,Z03,1112,Arizona
310,1993,Z02,1112,Arizona
311,1994,Z02,1112,Arizona
312,1995,Y05,1112,Arizona
313,1996,Z03,1112,Arizona
314,1997,X04,1112,Arizona
315,1998,X01,1112,Arizona
316,1999,X04,1112,Arizona
317,2000,Z01,1112,Arizona
318,2001,Y02,1112,Arizona
319,2002,Z03,1112,Arizona
320,2003,Z01,1112,Arizona
321,2004,W09,1112,Arizona
322,2005,X03,1112,Arizona
323,2006,Y08,1112,Arizona
324,2007,Y08,1112,Arizona
325,2008,Z10,1112,Arizona
326,2009,Y12,1112,Arizona
327,2011,X05,1112,Arizona
328,2013,Z06,1112,Arizona
329,2014,Z01,1112,Arizona
330,2015,Z02,1112,Arizona
331,2016,Y06,1112,Arizona
332,1985,X11,1431,UTEP
333,1986,Z10,1431,UTEP
334,1987,Z07,1431,UTEP
335,1988,Z09,1431,UTEP
336,1989,X07,1431,UTEP
337,1990,Y11,1431,UTEP
338,1992,Y09,1431,UTEP
339,2004,X13,1431,UTEP
340,2005,Y11,1431,UTEP
341,2010,Z12,1431,UTEP
342,1985,X12,1246,Kentucky
343,1986,Y01,1246,Kentucky
344,1987,X08,1246,Kentucky
345,1988,Y02,1246,Kentucky
346,1992,W02,1246,Kentucky
347,1993,Y01,1246,Kentucky
348,1994,X03,1246,Kentucky
349,1995,Z01,1246,Kentucky
350,1996,X01,1246,Kentucky
351,1997,Z01,1246,Kentucky
352,1998,Z02,1246,Kentucky
353,1999,X03,1246,Kentucky
354,2000,Y05,1246,Kentucky
355,2001,W02,1246,Kentucky
356,2002,W04,1246,Kentucky
357,2003,Y01,1246,Kentucky
358,2004,Z01,1246,Kentucky
359,2005,Y02,1246,Kentucky
360,2006,Z08,1246,Kentucky
361,2007,Z08,1246,Kentucky
362,2008,Y11,1246,Kentucky
363,2010,W01,1246,Kentucky
364,2011,W04,1246,Kentucky
365,2012,Y01,1246,Kentucky
366,2014,Y08,1246,Kentucky
367,2015,Y01,1246,Kentucky
368,2016,W04,1246,Kentucky
369,1985,X13,1361,San Diego St
370,2002,X13,1361,San Diego St
371,2006,X11,1361,San Diego St
372,2010,Y11,1361,San Diego St
373,2011,X02,1361,San Diego St
374,2012,X06,1361,San Diego St
375,2013,X07,1361,San Diego St
376,2014,Z04,1361,San Diego St
377,2015,X08,1361,San Diego St
378,1985,X14,1305,Nevada
379,2004,Z10,1305,Nevada
380,2005,X09,1305,Nevada
381,2006,Y05,1305,Nevada
382,2007,X07,1305,Nevada
383,1985,X15,1267,Marshall
384,1987,W13,1267,Marshall
385,1985,X16,1380,Southern Univ
386,1987,Y15,1380,Southern Univ
387,1988,Y15,1380,Southern Univ
388,1989,Z15,1380,Southern Univ
389,1993,Z13,1380,Southern Univ
390,2006,W16,1380,Southern Univ
391,2013,Z16,1380,Southern Univ
392,2016,Z16b,1380,Southern Univ
393,1985,Y01,1328,Oklahoma
394,1986,W04,1328,Oklahoma
395,1987,Z06,1328,Oklahoma
396,1988,Y01,1328,Oklahoma
397,1989,Z01,1328,Oklahoma
398,1990,X01,1328,Oklahoma
399,1992,X04,1328,Oklahoma
400,1995,Z04,1328,Oklahoma
401,1996,Y10,1328,Oklahoma
402,1997,Z11,1328,Oklahoma
403,1998,W10,1328,Oklahoma
404,1999,X13,1328,Oklahoma
405,2000,Z03,1328,Oklahoma
406,2001,Z04,1328,Oklahoma
407,2002,Z02,1328,Oklahoma
408,2003,W01,1328,Oklahoma
409,2005,Y03,1328,Oklahoma
410,2006,Y06,1328,Oklahoma
411,2008,W06,1328,Oklahoma
412,2009,X02,1328,Oklahoma
413,2013,X10,1328,Oklahoma
414,2014,Z05,1328,Oklahoma
415,2015,W03,1328,Oklahoma
416,2016,Z02,1328,Oklahoma
417,1985,Y02,1272,Memphis
418,1986,Y03,1272,Memphis
419,1988,X09,1272,Memphis
420,1989,X05,1272,Memphis
421,1992,Y06,1272,Memphis
422,1993,Y10,1272,Memphis
423,1995,Y06,1272,Memphis
424,1996,Z05,1272,Memphis
425,2003,Z07,1272,Memphis
426,2004,Y07,1272,Memphis
427,2006,X01,1272,Memphis
428,2007,X02,1272,Memphis
429,2008,Y01,1272,Memphis
430,2009,Z02,1272,Memphis
431,2011,X12,1272,Memphis
432,2012,Z08,1272,Memphis
433,2013,Y06,1272,Memphis
434,2014,W08,1272,Memphis
435,1985,Y03,1181,Duke
436,1986,W01,1181,Duke
437,1987,Y05,1181,Duke
438,1988,W02,1181,Duke
439,1989,W02,1181,Duke
440,1990,W03,1181,Duke
441,1991,Y02,1181,Duke
442,1992,W01,1181,Duke
443,1993,X03,1181,Duke
444,1994,X02,1181,Duke
445,1996,Y08,1181,Duke
446,1997,X02,1181,Duke
447,1998,Z01,1181,Duke
448,1999,W01,1181,Duke
449,2000,W01,1181,Duke
450,2001,W01,1181,Duke
451,2002,Y01,1181,Duke
452,2003,Z03,1181,Duke
453,2004,W01,1181,Duke
454,2005,Y01,1181,Duke
455,2006,W01,1181,Duke
456,2007,Z06,1181,Duke
457,2008,Z02,1181,Duke
458,2009,W02,1181,Duke
459,2010,X01,1181,Duke
460,2011,X01,1181,Duke
461,2012,Y02,1181,Duke
462,2013,Y02,1181,Duke
463,2014,Y03,1181,Duke
464,2015,X01,1181,Duke
465,2016,Z04,1181,Duke
466,1985,Y04,1326,Ohio St
467,1987,X09,1326,Ohio St
468,1990,Z08,1326,Ohio St
469,1991,Y01,1326,Ohio St
470,1992,Z01,1326,Ohio St
471,1999,Y04,1326,Ohio St
472,2000,X03,1326,Ohio St
473,2001,W05,1326,Ohio St
474,2002,Z04,1326,Ohio St
475,2006,Y02,1326,Ohio St
476,2007,X01,1326,Ohio St
477,2009,Y08,1326,Ohio St
478,2010,Y02,1326,Ohio St
479,2011,W01,1326,Ohio St
480,2012,W02,1326,Ohio St
481,2013,Z02,1326,Ohio St
482,2014,X06,1326,Ohio St
483,2015,Z10,1326,Ohio St
484,1985,Y05,1256,Louisiana Tech
485,1987,Y14,1256,Louisiana Tech
486,1989,Z09,1256,Louisiana Tech
487,1991,X12,1256,Louisiana Tech
488,1985,Y06,1403,Texas Tech
489,1986,X13,1403,Texas Tech
490,1993,W12,1403,Texas Tech
491,1996,W03,1403,Texas Tech
492,2002,W06,1403,Texas Tech
493,2004,Y08,1403,Texas Tech
494,2005,W06,1403,Texas Tech
495,2007,W10,1403,Texas Tech
496,2016,X08,1403,Texas Tech
497,1985,Y07,1412,UAB
498,1986,Z06,1412,UAB
499,1987,X11,1412,UAB
500,1990,W10,1412,UAB
501,1994,W07,1412,UAB
502,1999,Z12,1412,UAB
503,2004,Z09,1412,UAB
504,2005,X11,1412,UAB
505,2006,Z09,1412,UAB
506,2011,W12b,1412,UAB
507,2015,X14,1412,UAB
508,1985,Y08,1425,USC
509,1991,X10,1425,USC
510,1992,Y02,1425,USC
511,1997,X11,1425,USC
512,2001,W06,1425,USC
513,2002,Y04,1425,USC
514,2007,W05,1425,USC
515,2008,X06,1425,USC
516,2009,Y10,1425,USC
517,2011,Z11a,1425,USC
518,2016,W08,1425,USC
519,1985,Y09,1229,Illinois St
520,1990,Z14,1229,Illinois St
521,1997,Y11,1229,Illinois St
522,1998,X09,1229,Illinois St
523,1985,Y10,1277,Michigan St
524,1986,X05,1277,Michigan St
525,1990,Y01,1277,Michigan St
526,1991,Z05,1277,Michigan St
527,1992,Y05,1277,Michigan St
528,1994,X07,1277,Michigan St
529,1995,Z03,1277,Michigan St
530,1998,W04,1277,Michigan St
531,1999,X01,1277,Michigan St
532,2000,Y01,1277,Michigan St
533,2001,Z01,1277,Michigan St
534,2002,W10,1277,Michigan St
535,2003,X07,1277,Michigan St
536,2004,Z07,1277,Michigan St
537,2005,Y05,1277,Michigan St
538,2006,Z06,1277,Michigan St
539,2007,W09,1277,Michigan St
540,2008,Y05,1277,Michigan St
541,2009,Y02,1277,Michigan St
542,2010,Y05,1277,Michigan St
543,2011,Y10,1277,Michigan St
544,2012,Z01,1277,Michigan St
545,2013,Y03,1277,Michigan St
546,2014,W04,1277,Michigan St
547,2015,W07,1277,Michigan St
548,2016,X02,1277,Michigan St
549,1985,Y11,1130,Boston College
550,1994,W09,1130,Boston College
551,1996,Y11,1130,Boston College
552,1997,Z05,1130,Boston College
553,2001,W03,1130,Boston College
554,2002,X11,1130,Boston College
555,2004,Z06,1130,Boston College
556,2005,X04,1130,Boston College
557,2006,Y04,1130,Boston College
558,2007,W07,1130,Boston College
559,2009,Y07,1130,Boston College
560,1985,Y12,1338,Pittsburgh
561,1987,Z03,1338,Pittsburgh
562,1988,X02,1338,Pittsburgh
563,1989,Y08,1338,Pittsburgh
564,1991,X06,1338,Pittsburgh
565,1993,Y09,1338,Pittsburgh
566,2002,Y03,1338,Pittsburgh
567,2003,Y02,1338,Pittsburgh
568,2004,Y03,1338,Pittsburgh
569,2005,W09,1338,Pittsburgh
570,2006,X05,1338,Pittsburgh
571,2007,Z03,1338,Pittsburgh
572,2008,Y04,1338,Pittsburgh
573,2009,W01,1338,Pittsburgh
574,2010,Z03,1338,Pittsburgh
575,2011,Y01,1338,Pittsburgh
576,2013,Z08,1338,Pittsburgh
577,2014,X09,1338,Pittsburgh
578,2016,W10,1338,Pittsburgh
579,1985,Y13,1235,Iowa St
580,1986,X07,1235,Iowa St
581,1988,W12,1235,Iowa St
582,1989,Z10,1235,Iowa St
583,1992,W10,1235,Iowa St
584,1993,Z08,1235,Iowa St
585,1995,Z07,1235,Iowa St
586,1996,X05,1235,Iowa St
587,1997,Y06,1235,Iowa St
588,2000,Y02,1235,Iowa St
589,2001,X02,1235,Iowa St
590,2005,Z09,1235,Iowa St
591,2012,Y08,1235,Iowa St
592,2013,Z10,1235,Iowa St
593,2014,W03,1235,Iowa St
594,2015,X03,1235,Iowa St
595,2016,X04,1235,Iowa St
596,1985,Y14,1337,Pepperdine
597,1986,Z12,1337,Pepperdine
598,1991,Z14,1337,Pepperdine
599,1992,Y11,1337,Pepperdine
600,1994,Y14,1337,Pepperdine
601,2000,W11,1337,Pepperdine
602,2002,X10,1337,Pepperdine
603,1985,Y15,1335,Penn
604,1987,W16,1335,Penn
605,1993,W14,1335,Penn
606,1994,W11,1335,Penn
607,1995,W12,1335,Penn
608,1999,Z11,1335,Penn
609,2000,W13,1335,Penn
610,2002,Y11,1335,Penn
611,2003,W11,1335,Penn
612,2005,X13,1335,Penn
613,2006,W15,1335,Penn
614,2007,X14,1335,Penn
615,1985,Y16,1299,NC A&T
616,1986,X16,1299,NC A&T
617,1987,X15,1299,NC A&T
618,1988,W14,1299,NC A&T
619,1994,Y16,1299,NC A&T
620,1995,W16,1299,NC A&T
621,2013,Y16b,1299,NC A&T
622,1985,Z01,1276,Michigan
623,1986,X02,1276,Michigan
624,1987,W09,1276,Michigan
625,1988,Z03,1276,Michigan
626,1989,Z03,1276,Michigan
627,1990,Z03,1276,Michigan
628,1992,Z06,1276,Michigan
629,1993,Z01,1276,Michigan
630,1994,Y03,1276,Michigan
631,1995,Y09,1276,Michigan
632,1996,X07,1276,Michigan
633,1998,Z03,1276,Michigan
634,2009,X10,1276,Michigan
635,2011,X08,1276,Michigan
636,2012,X04,1276,Michigan
637,2013,X04,1276,Michigan
638,2014,Y02,1276,Michigan
639,2016,W11a,1276,Michigan
640,1985,Z02,1314,North Carolina
641,1986,Z03,1314,North Carolina
642,1987,W01,1314,North Carolina
643,1988,Z02,1314,North Carolina
644,1989,Z02,1314,North Carolina
645,1990,X08,1314,North Carolina
646,1991,W01,1314,North Carolina
647,1992,Z04,1314,North Carolina
648,1993,W01,1314,North Carolina
649,1994,W01,1314,North Carolina
650,1995,Z02,1314,North Carolina
651,1996,W06,1314,North Carolina
652,1997,W01,1314,North Carolina
653,1998,W01,1314,North Carolina
654,1999,Z03,1314,North Carolina
655,2000,X08,1314,North Carolina
656,2001,Z02,1314,North Carolina
657,2004,W06,1314,North Carolina
658,2005,Z01,1314,North Carolina
659,2006,Z03,1314,North Carolina
660,2007,W01,1314,North Carolina
661,2008,W01,1314,North Carolina
662,2009,X01,1314,North Carolina
663,2011,W02,1314,North Carolina
664,2012,X01,1314,North Carolina
665,2013,X08,1314,North Carolina
666,2014,W06,1314,North Carolina
667,2015,Z04,1314,North Carolina
668,2016,W01,1314,North Carolina
669,1985,Z03,1242,Kansas
670,1986,X01,1242,Kansas
671,1987,X05,1242,Kansas
672,1988,X06,1242,Kansas
673,1990,W02,1242,Kansas
674,1991,X03,1242,Kansas
675,1992,Y01,1242,Kansas
676,1993,X02,1242,Kansas
677,1994,X04,1242,Kansas
678,1995,Y01,1242,Kansas
679,1996,Z02,1242,Kansas
680,1997,X01,1242,Kansas
681,1998,Y01,1242,Kansas
682,1999,X06,1242,Kansas
683,2000,W08,1242,Kansas
684,2001,Y04,1242,Kansas
685,2002,X01,1242,Kansas
686,2003,Z02,1242,Kansas
687,2004,Z04,1242,Kansas
688,2005,Z03,1242,Kansas
689,2006,X04,1242,Kansas
690,2007,Z01,1242,Kansas
691,2008,X01,1242,Kansas
692,2009,Y03,1242,Kansas
693,2010,Y01,1242,Kansas
694,2011,Z01,1242,Kansas
695,2012,X02,1242,Kansas
696,2013,X01,1242,Kansas
697,2014,X02,1242,Kansas
698,2015,Y02,1242,Kansas
699,2016,Y01,1242,Kansas
700,1985,Z04,1261,LSU
701,1986,Y11,1261,LSU
702,1987,Y10,1261,LSU
703,1988,W09,1261,LSU
704,1989,X10,1261,LSU
705,1990,Y05,1261,LSU
706,1991,Y06,1261,LSU
707,1992,X07,1261,LSU
708,1993,X11,1261,LSU
709,2000,Z04,1261,LSU
710,2003,X08,1261,LSU
711,2005,X06,1261,LSU
712,2006,W04,1261,LSU
713,2009,X08,1261,LSU
714,2015,W09,1261,LSU
715,1985,Z05,1268,Maryland
716,1986,Z05,1268,Maryland
717,1988,Y07,1268,Maryland
718,1994,Y10,1268,Maryland
719,1995,X03,1268,Maryland
720,1996,Z07,1268,Maryland
721,1997,X05,1268,Maryland
722,1998,X04,1268,Maryland
723,1999,Y02,1268,Maryland
724,2000,Y03,1268,Maryland
725,2001,X03,1268,Maryland
726,2002,W01,1268,Maryland
727,2003,X06,1268,Maryland
728,2004,X04,1268,Maryland
729,2007,Y04,1268,Maryland
730,2009,Z10,1268,Maryland
731,2010,Y04,1268,Maryland
732,2015,Y04,1268,Maryland
733,2016,Y05,1268,Maryland
734,1985,Z06,1345,Purdue
735,1986,Y06,1345,Purdue
736,1987,W03,1345,Purdue
737,1988,X01,1345,Purdue
738,1990,X02,1345,Purdue
739,1991,W07,1345,Purdue
740,1993,W09,1345,Purdue
741,1994,X01,1345,Purdue
742,1995,Y03,1345,Purdue
743,1996,Z01,1345,Purdue
744,1997,X08,1345,Purdue
745,1998,Y02,1345,Purdue
746,1999,W10,1345,Purdue
747,2000,Z06,1345,Purdue
748,2003,X09,1345,Purdue
749,2007,Y09,1345,Purdue
750,2008,Z06,1345,Purdue
751,2009,Z05,1345,Purdue
752,2010,X04,1345,Purdue
753,2011,Z03,1345,Purdue
754,2012,X10,1345,Purdue
755,2015,Y09,1345,Purdue
756,2016,X05,1345,Purdue
757,1985,Z07,1323,Notre Dame
758,1986,X03,1323,Notre Dame
759,1987,W05,1323,Notre Dame
760,1988,W10,1323,Notre Dame
761,1989,W09,1323,Notre Dame
762,1990,Y10,1323,Notre Dame
763,2001,Y06,1323,Notre Dame
764,2002,Y08,1323,Notre Dame
765,2003,Z05,1323,Notre Dame
766,2007,Y06,1323,Notre Dame
767,2008,W05,1323,Notre Dame
768,2010,X06,1323,Notre Dame
769,2011,Z02,1323,Notre Dame
770,2012,Y07,1323,Notre Dame
771,2013,Z07,1323,Notre Dame
772,2015,Y03,1323,Notre Dame
773,2016,W06,1323,Notre Dame
774,1985,Z08,1437,Villanova
775,1986,Y10,1437,Villanova
776,1988,Y06,1437,Villanova
777,1990,Y12,1437,Villanova
778,1991,W09,1437,Villanova
779,1995,W03,1437,Villanova
780,1996,X03,1437,Villanova
781,1997,W04,1437,Villanova
782,1999,X08,1437,Villanova
783,2005,Z05,1437,Villanova
784,2006,Y01,1437,Villanova
785,2007,Z09,1437,Villanova
786,2008,X12,1437,Villanova
787,2009,W03,1437,Villanova
788,2010,X02,1437,Villanova
789,2011,W09,1437,Villanova
790,2013,X09,1437,Villanova
791,2014,W02,1437,Villanova
792,2015,W01,1437,Villanova
793,2016,Y02,1437,Villanova
794,1985,Z09,1173,Dayton
795,1990,X12,1173,Dayton
796,2000,Z11,1173,Dayton
797,2003,Y04,1173,Dayton
798,2004,X10,1173,Dayton
799,2009,Y11,1173,Dayton
800,2014,X11,1173,Dayton
801,2015,W11b,1173,Dayton
802,2016,X07,1173,Dayton
803,1985,Z10,1333,Oregon St
804,1988,Y12,1333,Oregon St
805,1989,X06,1333,Oregon St
806,1990,Z05,1333,Oregon St
807,2016,Z07,1333,Oregon St
808,1985,Z11,1120,Auburn
809,1986,Z08,1120,Auburn
810,1987,Y08,1120,Auburn
811,1988,Y08,1120,Auburn
812,1999,Y01,1120,Auburn
813,2000,Y07,1120,Auburn
814,2003,W10,1120,Auburn
815,1985,Z12,1275,Miami OH
816,1986,X10,1275,Miami OH
817,1992,Z13,1275,Miami OH
818,1995,Y12,1275,Miami OH
819,1997,Y13,1275,Miami OH
820,1999,X10,1275,Miami OH
821,2007,Y14,1275,Miami OH
822,1985,Z13,1298,Navy
823,1986,W07,1298,Navy
824,1987,W08,1298,Navy
825,1994,Z16,1298,Navy
826,1997,Z15,1298,Navy
827,1998,W16,1298,Navy
828,1985,Z14,1325,Ohio
829,1994,W12,1325,Ohio
830,2005,Z13,1325,Ohio
831,2010,Y14,1325,Ohio
832,2012,X13,1325,Ohio
833,1985,Z15,1292,MTSU
834,1987,W12,1292,MTSU
835,1989,Z13,1292,MTSU
836,2013,Y11a,1292,MTSU
837,2016,X15,1292,MTSU
838,1985,Z16,1192,F Dickinson
839,1988,X16,1192,F Dickinson
840,1998,W15,1192,F Dickinson
841,2005,X16,1192,F Dickinson
842,2016,W16a,1192,F Dickinson
843,1986,W03,1231,Indiana
844,1987,Y01,1231,Indiana
845,1988,W04,1231,Indiana
846,1989,X02,1231,Indiana
847,1990,W08,1231,Indiana
848,1991,X02,1231,Indiana
849,1992,X02,1231,Indiana
850,1993,X01,1231,Indiana
851,1994,W05,1231,Indiana
852,1995,X09,1231,Indiana
853,1996,Y06,1231,Indiana
854,1997,W08,1231,Indiana
855,1998,W07,1231,Indiana
856,1999,Y06,1231,Indiana
857,2000,W06,1231,Indiana
858,2001,X04,1231,Indiana
859,2002,Y05,1231,Indiana
860,2003,Y07,1231,Indiana
861,2006,X06,1231,Indiana
862,2007,Z07,1231,Indiana
863,2008,W08,1231,Indiana
864,2012,Y04,1231,Indiana
865,2013,W01,1231,Indiana
866,2015,Y10,1231,Indiana
867,2016,W05,1231,Indiana
868,1986,W05,1438,Virginia
869,1987,Z05,1438,Virginia
870,1989,Z05,1438,Virginia
871,1990,Y07,1438,Virginia
872,1991,Z07,1438,Virginia
873,1993,W06,1438,Virginia
874,1994,Z07,1438,Virginia
875,1995,Y04,1438,Virginia
876,1997,Z09,1438,Virginia
877,2001,Z05,1438,Virginia
878,2007,X04,1438,Virginia
879,2012,Z10,1438,Virginia
880,2014,W01,1438,Virginia
881,2015,W02,1438,Virginia
882,2016,X01,1438,Virginia
883,1986,W06,1386,St Joseph's PA
884,1997,Z04,1386,St Joseph's PA
885,2001,X09,1386,St Joseph's PA
886,2003,W07,1386,St Joseph's PA
887,2004,Y01,1386,St Joseph's PA
888,2008,W11,1386,St Joseph's PA
889,2014,W10,1386,St Joseph's PA
890,2016,Z08,1386,St Joseph's PA
891,1986,W09,1452,West Virginia
892,1987,W07,1452,West Virginia
893,1989,W07,1452,West Virginia
894,1992,W12,1452,West Virginia
895,1998,X10,1452,West Virginia
896,2005,W07,1452,West Virginia
897,2006,W06,1452,West Virginia
898,2008,Z07,1452,West Virginia
899,2009,Y06,1452,West Virginia
900,2010,W02,1452,West Virginia
901,2011,W05,1452,West Virginia
902,2012,W10,1452,West Virginia
903,2015,Y05,1452,West Virginia
904,2016,W03,1452,West Virginia
905,1986,W11,1350,Richmond
906,1988,W13,1350,Richmond
907,1990,W14,1350,Richmond
908,1991,W15,1350,Richmond
909,1998,W14,1350,Richmond
910,2004,Y11,1350,Richmond
911,2010,X07,1350,Richmond
912,2011,Z12,1350,Richmond
913,1986,W14,1156,Cleveland St
914,2009,Y13,1156,Cleveland St
915,1986,W15,1135,Brown
916,1986,W16,1290,MS Valley St
917,1992,Z16,1290,MS Valley St
918,1996,W15,1290,MS Valley St
919,2008,Z16,1290,MS Valley St
920,2012,Y16a,1290,MS Valley St
921,1986,X08,1239,Jacksonville
922,1986,X14,1114,Ark Little Rock
923,1989,Y13,1114,Ark Little Rock
924,1990,Z16,1114,Ark Little Rock
925,2011,Y16a,1114,Ark Little Rock
926,2016,X12,1114,Ark Little Rock
927,1986,X15,1103,Akron
928,2009,X13,1103,Akron
929,2011,Z15,1103,Akron
930,2013,X12,1103,Akron
931,1986,Y08,1443,WKU
932,1987,W10,1443,WKU
933,1993,Y07,1443,WKU
934,1994,Y11,1443,WKU
935,1995,Y08,1443,WKU
936,2001,Z14,1443,WKU
937,2002,X09,1443,WKU
938,2003,Z13,1443,WKU
939,2008,Z12,1443,WKU
940,2009,X12,1443,WKU
941,2012,Y16b,1443,WKU
942,2013,X16,1443,WKU
943,1986,Y09,1304,Nebraska
944,1991,Y03,1304,Nebraska
945,1992,Z08,1304,Nebraska
946,1993,W10,1304,Nebraska
947,1994,W06,1304,Nebraska
948,1998,X11,1304,Nebraska
949,2014,Z11,1304,Nebraska
950,1986,Y12,1462,Xavier
951,1987,Y13,1462,Xavier
952,1988,X11,1462,Xavier
953,1989,Z14,1462,Xavier
954,1990,X06,1462,Xavier
955,1991,Y14,1462,Xavier
956,1993,X09,1462,Xavier
957,1995,Z11,1462,Xavier
958,1997,Y07,1462,Xavier
959,1998,W06,1462,Xavier
960,2001,Y11,1462,Xavier
961,2002,Z07,1462,Xavier
962,2003,X03,1462,Xavier
963,2004,W07,1462,Xavier
964,2006,X14,1462,Xavier
965,2007,X09,1462,Xavier
966,2008,Z03,1462,Xavier
967,2009,W04,1462,Xavier
968,2010,Z06,1462,Xavier
969,2011,W06,1462,Xavier
970,2012,Y10,1462,Xavier
971,2014,Y12b,1462,Xavier
972,2015,Z06,1462,Xavier
973,2016,W02,1462,Xavier
974,1986,Y13,1193,Fairfield
975,1987,Y16,1193,Fairfield
976,1997,W16,1193,Fairfield
977,1986,Y14,1123,Ball St
978,1989,Y09,1123,Ball St
979,1990,Z12,1123,Ball St
980,1993,X15,1123,Ball St
981,1995,Z12,1123,Ball St
982,2000,Y11,1123,Ball St
983,1986,Y15,1265,Marist
984,1987,Z14,1265,Marist
985,1986,Y16,1172,Davidson
986,1998,Z14,1172,Davidson
987,2002,Z13,1172,Davidson
988,2006,Y15,1172,Davidson
989,2007,Y13,1172,Davidson
990,2008,X10,1172,Davidson
991,2012,Z13,1172,Davidson
992,2013,W14,1172,Davidson
993,2015,X10,1172,Davidson
994,1986,Z02,1257,Louisville
995,1988,Y05,1257,Louisville
996,1989,Y04,1257,Louisville
997,1990,Z04,1257,Louisville
998,1992,X08,1257,Louisville
999,1993,X04,1257,Louisville
1000,1994,Z03,1257,Louisville
1001,1995,Y11,1257,Louisville
1002,1996,X06,1257,Louisville
1003,1997,W06,1257,Louisville
1004,1999,Y07,1257,Louisville
1005,2000,Z07,1257,Louisville
1006,2003,W04,1257,Louisville
1007,2004,W10,1257,Louisville
1008,2005,W04,1257,Louisville
1009,2007,X06,1257,Louisville
1010,2008,W03,1257,Louisville
1011,2009,Y01,1257,Louisville
1012,2010,X09,1257,Louisville
1013,2011,Z04,1257,Louisville
1014,2012,Z04,1257,Louisville
1015,2013,Y01,1257,Louisville
1016,2014,Y04,1257,Louisville
1017,2015,W04,1257,Louisville
1018,1986,Z07,1133,Bradley
1019,1988,Y09,1133,Bradley
1020,1996,W08,1133,Bradley
1021,2006,X13,1133,Bradley
1022,1986,Z11,1281,Missouri
1023,1987,Y04,1281,Missouri
1024,1988,W06,1281,Missouri
1025,1989,Y03,1281,Missouri
1026,1990,Y03,1281,Missouri
1027,1992,W05,1281,Missouri
1028,1993,Z10,1281,Missouri
1029,1994,Z01,1281,Missouri
1030,1995,X08,1281,Missouri
1031,1999,Z08,1281,Missouri
1032,2000,X09,1281,Missouri
1033,2001,W09,1281,Missouri
1034,2002,Z12,1281,Missouri
1035,2003,Y06,1281,Missouri
1036,2009,Z03,1281,Missouri
1037,2010,W10,1281,Missouri
1038,2011,X11,1281,Missouri
1039,2012,Z02,1281,Missouri
1040,2013,Y09,1281,Missouri
1041,1986,Z13,1419,ULM
1042,1990,X15,1419,ULM
1043,1991,Y15,1419,ULM
1044,1992,Y15,1419,ULM
1045,1993,Y13,1419,ULM
1046,1996,X15,1419,ULM
1047,1986,Z14,1428,Utah
1048,1991,Z04,1428,Utah
1049,1993,Y08,1428,Utah
1050,1995,X04,1428,Utah
1051,1996,X04,1428,Utah
1052,1997,Z02,1428,Utah
1053,1998,X03,1428,Utah
1054,1999,X02,1428,Utah
1055,2000,Y08,1428,Utah
1056,2002,Y12,1428,Utah
1057,2003,Y09,1428,Utah
1058,2004,Z11,1428,Utah
1059,2005,Y06,1428,Utah
1060,2009,Y05,1428,Utah
1061,2015,X05,1428,Utah
1062,2016,X03,1428,Utah
1063,1986,Z15,1180,Drexel
1064,1994,W13,1180,Drexel
1065,1995,W13,1180,Drexel
1066,1996,Z12,1180,Drexel
1067,1986,Z16,1286,Montana St
1068,1996,Z13,1286,Montana St
1069,1987,W04,1395,TCU
1070,1998,Y05,1395,TCU
1071,1987,W06,1196,Florida
1072,1988,Z06,1196,Florida
1073,1989,Y07,1196,Florida
1074,1994,W03,1196,Florida
1075,1995,Z10,1196,Florida
1076,1999,Z06,1196,Florida
1077,2000,W05,1196,Florida
1078,2001,Z03,1196,Florida
1079,2002,X05,1196,Florida
1080,2003,X02,1196,Florida
1081,2004,Y05,1196,Florida
1082,2005,Z04,1196,Florida
1083,2006,Y03,1196,Florida
1084,2007,Y01,1196,Florida
1085,2010,Z10,1196,Florida
1086,2011,Y02,1196,Florida
1087,2012,Z07,1196,Florida
1088,2013,X03,1196,Florida
1089,2014,X01,1196,Florida
1090,1987,W15,1204,Ga Southern
1091,1992,Z15,1204,Ga Southern
1092,1987,X04,1155,Clemson
1093,1989,X09,1155,Clemson
1094,1990,W05,1155,Clemson
1095,1996,Z09,1155,Clemson
1096,1997,Y04,1155,Clemson
1097,1998,Y06,1155,Clemson
1098,2008,X05,1155,Clemson
1099,2009,X07,1155,Clemson
1100,2010,W07,1155,Clemson
1101,2011,W12a,1155,Clemson
1102,1987,X06,1344,Providence
1103,1989,Z12,1344,Providence
1104,1990,Z09,1344,Providence
1105,1994,X08,1344,Providence
1106,1997,X10,1344,Providence
1107,2001,Z10,1344,Providence
1108,2004,Z05,1344,Providence
1109,2014,W11,1344,Providence
1110,2015,W06,1344,Providence
1111,2016,W09,1344,Providence
1112,1987,X07,1309,New Orleans
1113,1991,X14,1309,New Orleans
1114,1993,X08,1309,New Orleans
1115,1996,W11,1309,New Orleans
1116,1987,X10,1140,BYU
1117,1988,Y04,1140,BYU
1118,1990,W12,1140,BYU
1119,1991,Z10,1140,BYU
1120,1992,X10,1140,BYU
1121,1993,X07,1140,BYU
1122,1995,Z08,1140,BYU
1123,2001,X12,1140,BYU
1124,2003,X12,1140,BYU
1125,2004,X12,1140,BYU
1126,2007,X08,1140,BYU
1127,2008,Z08,1140,BYU
1128,2009,Z08,1140,BYU
1129,2010,Z07,1140,BYU
1130,2011,Y03,1140,BYU
1131,2012,Z14a,1140,BYU
1132,2014,Z10,1140,BYU
1133,2015,Z11a,1140,BYU
1134,1987,X12,1222,Houston
1135,1990,Y08,1222,Houston
1136,1992,Y10,1222,Houston
1137,2010,Y13,1222,Houston
1138,1987,X13,1283,Missouri St
1139,1988,Z13,1283,Missouri St
1140,1989,X14,1283,Missouri St
1141,1990,X09,1283,Missouri St
1142,1992,Y12,1283,Missouri St
1143,1999,W12,1283,Missouri St
1144,1987,X14,1122,Austin Peay
1145,1996,Y14,1122,Austin Peay
1146,2003,W13,1122,Austin Peay
1147,2008,Y15,1122,Austin Peay
1148,2016,Y16,1122,Austin Peay
1149,1987,X16,1137,Bucknell
1150,1989,Y15,1137,Bucknell
1151,2005,Z14,1137,Bucknell
1152,2006,X09,1137,Bucknell
1153,2011,X14,1137,Bucknell
1154,2013,W11,1137,Bucknell
1155,1987,Y09,1360,San Diego
1156,2003,X13,1360,San Diego
1157,2008,Z13,1360,San Diego
1158,1987,Y12,1401,Texas A&M
1159,2006,W12,1401,Texas A&M
1160,2007,X03,1401,Texas A&M
1161,2008,Z09,1401,Texas A&M
1162,2009,Z09,1401,Texas A&M
1163,2010,X05,1401,Texas A&M
1164,2011,Z07,1401,Texas A&M
1165,2016,Z03,1401,Texas A&M
1166,1987,Z04,1417,UCLA
1167,1989,Z07,1417,UCLA
1168,1990,W07,1417,UCLA
1169,1991,W04,1417,UCLA
1170,1992,X01,1417,UCLA
1171,1993,Z09,1417,UCLA
1172,1994,Y05,1417,UCLA
1173,1995,X01,1417,UCLA
1174,1996,Y04,1417,UCLA
1175,1997,Y02,1417,UCLA
1176,1998,Z06,1417,UCLA
1177,1999,Y05,1417,UCLA
1178,2000,Y06,1417,UCLA
1179,2001,W04,1417,UCLA
1180,2002,Z08,1417,UCLA
1181,2005,W11,1417,UCLA
1182,2006,X02,1417,UCLA
1183,2007,Z02,1417,UCLA
1184,2008,Z01,1417,UCLA
1185,2009,W06,1417,UCLA
1186,2011,Y07,1417,UCLA
1187,2013,X06,1417,UCLA
1188,2014,X04,1417,UCLA
1189,2015,X11,1417,UCLA
1190,1987,Z09,1243,Kansas St
1191,1988,X04,1243,Kansas St
1192,1989,W06,1243,Kansas St
1193,1990,X11,1243,Kansas St
1194,1993,Y06,1243,Kansas St
1195,1996,W10,1243,Kansas St
1196,2008,X11,1243,Kansas St
1197,2010,Z02,1243,Kansas St
1198,2011,Y05,1243,Kansas St
1199,2012,W08,1243,Kansas St
1200,2013,Z04,1243,Kansas St
1201,2014,Y09,1243,Kansas St
1202,1987,Z12,1461,Wyoming
1203,1988,Z07,1461,Wyoming
1204,2002,Z11,1461,Wyoming
1205,2015,W12,1461,Wyoming
1206,1987,Z13,1141,C Michigan
1207,2003,Z11,1141,C Michigan
1208,1987,Z15,1365,Santa Clara
1209,1993,Z15,1365,Santa Clara
1210,1995,X12,1365,Santa Clara
1211,1996,Z10,1365,Santa Clara
1212,1987,Z16,1226,Idaho St
1213,1988,W11,1348,Rhode Island
1214,1993,W08,1348,Rhode Island
1215,1997,X09,1348,Rhode Island
1216,1998,Y08,1348,Rhode Island
1217,1999,X12,1348,Rhode Island
1218,1988,W15,1131,Boston Univ
1219,1990,W16,1131,Boston Univ
1220,1997,Y12,1131,Boston Univ
1221,2002,Z16,1131,Boston Univ
1222,2011,Z16,1131,Boston Univ
1223,1988,X07,1435,Vanderbilt
1224,1989,W08,1435,Vanderbilt
1225,1991,Z09,1435,Vanderbilt
1226,1993,Z03,1435,Vanderbilt
1227,1997,Y10,1435,Vanderbilt
1228,2004,X06,1435,Vanderbilt
1229,2007,W06,1435,Vanderbilt
1230,2008,X04,1435,Vanderbilt
1231,2010,Z04,1435,Vanderbilt
1232,2011,Z05,1435,Vanderbilt
1233,2012,W05,1435,Vanderbilt
1234,2016,Y11a,1435,Vanderbilt
1235,1988,X08,1124,Baylor
1236,2008,Z11,1124,Baylor
1237,2010,X03,1124,Baylor
1238,2012,Y03,1124,Baylor
1239,2014,Z06,1124,Baylor
1240,2015,Z03,1124,Baylor
1241,2016,Z05,1124,Baylor
1242,1988,X10,1429,Utah St
1243,1998,X13,1429,Utah St
1244,2000,X12,1429,Utah St
1245,2001,W12,1429,Utah St
1246,2003,Z15,1429,Utah St
1247,2005,X14,1429,Utah St
1248,2006,Z12,1429,Utah St
1249,2009,Z11,1429,Utah St
1250,2010,X12,1429,Utah St
1251,2011,Y12,1429,Utah St
1252,1988,X13,1247,La Salle
1253,1989,Z08,1247,La Salle
1254,1990,W04,1247,La Salle
1255,1992,W13,1247,La Salle
1256,2013,Z13b,1247,La Salle
1257,1988,X14,1293,Murray St
1258,1990,Y16,1293,Murray St
1259,1991,X13,1293,Murray St
1260,1992,Y14,1293,Murray St
1261,1995,Z15,1293,Murray St
1262,1997,X15,1293,Murray St
1263,1998,Y09,1293,Murray St
1264,1999,Y13,1293,Murray St
1265,2002,W14,1293,Murray St
1266,2004,W12,1293,Murray St
1267,2006,Z14,1293,Murray St
1268,2010,Z13,1293,Murray St
1269,2012,Z06,1293,Murray St
1270,1988,X15,1185,E Michigan
1271,1991,W12,1185,E Michigan
1272,1996,Y09,1185,E Michigan
1273,1998,W13,1185,E Michigan
1274,1988,Y10,1364,Santa Barbara
1275,1990,Y09,1364,Santa Barbara
1276,2002,Z14,1364,Santa Barbara
1277,2010,Y15,1364,Santa Barbara
1278,2011,Y15,1364,Santa Barbara
1279,1988,Y13,1150,Charlotte
1280,1992,W07,1150,Charlotte
1281,1995,W07,1150,Charlotte
1282,1997,Z07,1150,Charlotte
1283,1998,W08,1150,Charlotte
1284,1999,X05,1150,Charlotte
1285,2001,Y09,1150,Charlotte
1286,2002,Y09,1150,Charlotte
1287,2004,Y09,1150,Charlotte
1288,2005,Z07,1150,Charlotte
1289,1988,Y14,1427,UT San Antonio
1290,1999,Z16,1427,UT San Antonio
1291,2004,X16,1427,UT San Antonio
1292,2011,W16b,1427,UT San Antonio
1293,1988,Y16,1151,Chattanooga
1294,1993,Y12,1151,Chattanooga
1295,1994,X13,1151,Chattanooga
1296,1995,X15,1151,Chattanooga
1297,1997,X14,1151,Chattanooga
1298,2005,W15,1151,Chattanooga
1299,2009,Z16,1151,Chattanooga
1300,2016,W12,1151,Chattanooga
1301,1988,Z08,1371,Seton Hall
1302,1989,X03,1371,Seton Hall
1303,1991,Z03,1371,Seton Hall
1304,1992,W04,1371,Seton Hall
1305,1993,Y02,1371,Seton Hall
1306,1994,X10,1371,Seton Hall
1307,2000,W10,1371,Seton Hall
1308,2004,W08,1371,Seton Hall
1309,2006,Z10,1371,Seton Hall
1310,2016,X06,1371,Seton Hall
1311,1988,Z10,1258,Loy Marymount
1312,1989,Y12,1258,Loy Marymount
1313,1990,Z11,1258,Loy Marymount
1314,1988,Z12,1199,Florida St
1315,1989,Z04,1199,Florida St
1316,1991,X07,1199,Florida St
1317,1992,X03,1199,Florida St
1318,1993,Y03,1199,Florida St
1319,1998,Y12,1199,Florida St
1320,2009,W05,1199,Florida St
1321,2010,Z09,1199,Florida St
1322,2011,Z10,1199,Florida St
1323,2012,W03,1199,Florida St
1324,1988,Z14,1129,Boise St
1325,1993,Z14,1129,Boise St
1326,1994,Z14,1129,Boise St
1327,2008,W14,1129,Boise St
1328,2013,Z13a,1129,Boise St
1329,2015,W11a,1129,Boise St
1330,1988,Z15,1317,North Texas
1331,2007,X15,1317,North Texas
1332,2010,Z15,1317,North Texas
1333,1988,Z16,1165,Cornell
1334,2008,Y14,1165,Cornell
1335,2009,Z14,1165,Cornell
1336,2010,W12,1165,Cornell
1337,1989,W03,1390,Stanford
1338,1992,Z12,1390,Stanford
1339,1995,W10,1390,Stanford
1340,1996,W09,1390,Stanford
1341,1997,Z06,1390,Stanford
1342,1998,Y03,1390,Stanford
1343,1999,Z02,1390,Stanford
1344,2000,X01,1390,Stanford
1345,2001,X01,1390,Stanford
1346,2002,X08,1390,Stanford
1347,2003,X04,1390,Stanford
1348,2004,X01,1390,Stanford
1349,2005,Y08,1390,Stanford
1350,2007,X11,1390,Stanford
1351,2008,Y03,1390,Stanford
1352,2014,X10,1390,Stanford
1353,1989,W10,1397,Tennessee
1354,1998,X08,1397,Tennessee
1355,1999,W04,1397,Tennessee
1356,2000,X04,1397,Tennessee
1357,2001,Y08,1397,Tennessee
1358,2006,Z02,1397,Tennessee
1359,2007,X05,1397,Tennessee
1360,2008,W02,1397,Tennessee
1361,2009,W09,1397,Tennessee
1362,2010,Y06,1397,Tennessee
1363,2011,X09,1397,Tennessee
1364,2014,Y11b,1397,Tennessee
1365,1989,W11,1278,Minnesota
1366,1990,Y06,1278,Minnesota
1367,1994,Z06,1278,Minnesota
1368,1995,W08,1278,Minnesota
1369,1997,Y01,1278,Minnesota
1370,1999,Z07,1278,Minnesota
1371,2005,Z08,1278,Minnesota
1372,2009,W10,1278,Minnesota
1373,2010,Z11,1278,Minnesota
1374,2013,X11,1278,Minnesota
1375,1989,W12,1376,South Carolina
1376,1997,W02,1376,South Carolina
1377,1998,W03,1376,South Carolina
1378,2004,Y10,1376,South Carolina
1379,1989,W13,1353,Rutgers
1380,1991,X09,1353,Rutgers
1381,1989,W14,1373,Siena
1382,1999,Z13,1373,Siena
1383,2002,W16b,1373,Siena
1384,2008,X13,1373,Siena
1385,2009,Y09,1373,Siena
1386,2010,X13,1373,Siena
1387,1989,W15,1354,S Carolina St
1388,1996,Z15,1354,S Carolina St
1389,1998,Z15,1354,S Carolina St
1390,2000,X16,1354,S Carolina St
1391,2003,W16,1354,S Carolina St
1392,1989,W16,1343,Princeton
1393,1990,X13,1343,Princeton
1394,1991,W08,1343,Princeton
1395,1992,W11,1343,Princeton
1396,1996,Y13,1343,Princeton
1397,1997,W12,1343,Princeton
1398,1998,W05,1343,Princeton
1399,2001,Z15,1343,Princeton
1400,2004,W14,1343,Princeton
1401,2011,W13,1343,Princeton
1402,1989,X08,1388,St Mary's CA
1403,1997,Z14,1388,St Mary's CA
1404,2005,X10,1388,St Mary's CA
1405,2008,Y10,1388,St Mary's CA
1406,2010,X10,1388,St Mary's CA
1407,2012,X07,1388,St Mary's CA
1408,2013,Y11b,1388,St Mary's CA
1409,1989,X11,1191,Evansville
1410,1992,Y08,1191,Evansville
1411,1993,Y14,1191,Evansville
1412,1999,X11,1191,Evansville
1413,1989,X13,1225,Idaho
1414,1990,Z13,1225,Idaho
1415,1989,X15,1206,George Mason
1416,1999,W14,1206,George Mason
1417,2001,X14,1206,George Mason
1418,2006,Z11,1206,George Mason
1419,2008,W12,1206,George Mason
1420,2011,W08,1206,George Mason
1421,1989,X16,1352,Robert Morris
1422,1990,W15,1352,Robert Morris
1423,1992,X16,1352,Robert Morris
1424,2009,Y15,1352,Robert Morris
1425,2010,X15,1352,Robert Morris
1426,2015,X16b,1352,Robert Morris
1427,1989,Y10,1161,Colorado St
1428,1990,Z10,1161,Colorado St
1429,2003,Z14,1161,Colorado St
1430,2012,Z11,1161,Colorado St
1431,2013,Y08,1161,Colorado St
1432,1989,Y11,1400,Texas
1433,1990,X10,1400,Texas
1434,1991,Y05,1400,Texas
1435,1992,W08,1400,Texas
1436,1994,Y06,1400,Texas
1437,1995,X11,1400,Texas
1438,1996,X10,1400,Texas
1439,1997,W10,1400,Texas
1440,1999,W07,1400,Texas
1441,2000,Z05,1400,Texas
1442,2001,Z06,1400,Texas
1443,2002,X06,1400,Texas
1444,2003,X01,1400,Texas
1445,2004,W03,1400,Texas
1446,2005,X08,1400,Texas
1447,2006,W02,1400,Texas
1448,2007,W04,1400,Texas
1449,2008,Y02,1400,Texas
1450,2009,W07,1400,Texas
1451,2010,W08,1400,Texas
1452,2011,X04,1400,Texas
1453,2012,W11,1400,Texas
1454,2014,Y07,1400,Texas
1455,2015,Y11,1400,Texas
1456,2016,Z06,1400,Texas
1457,1989,Y14,1166,Creighton
1458,1991,Z11,1166,Creighton
1459,1999,Y10,1166,Creighton
1460,2000,Y10,1166,Creighton
1461,2001,W10,1166,Creighton
1462,2002,X12,1166,Creighton
1463,2003,Z06,1166,Creighton
1464,2005,W10,1166,Creighton
1465,2007,X10,1166,Creighton
1466,2012,X08,1166,Creighton
1467,2013,Y07,1166,Creighton
1468,2014,Z03,1166,Creighton
1469,1989,Y16,1270,McNeese St
1470,2002,X14,1270,McNeese St
1471,1989,Z11,1375,South Alabama
1472,1991,Z13,1375,South Alabama
1473,1997,X13,1375,South Alabama
1474,1998,X12,1375,South Alabama
1475,2006,Y14,1375,South Alabama
1476,2008,W10,1375,South Alabama
1477,1989,Z16,1190,ETSU
1478,1990,Y13,1190,ETSU
1479,1991,Y10,1190,ETSU
1480,1992,Z14,1190,ETSU
1481,2003,W15,1190,ETSU
1482,2004,W13,1190,ETSU
1483,2009,W16,1190,ETSU
1484,2010,W16,1190,ETSU
1485,1990,W01,1163,Connecticut
1486,1991,Y11,1163,Connecticut
1487,1992,Z09,1163,Connecticut
1488,1994,W02,1163,Connecticut
1489,1995,X02,1163,Connecticut
1490,1996,Y01,1163,Connecticut
1491,1998,W02,1163,Connecticut
1492,1999,Z01,1163,Connecticut
1493,2000,X05,1163,Connecticut
1494,2002,W02,1163,Connecticut
1495,2003,X05,1163,Connecticut
1496,2004,X02,1163,Connecticut
1497,2005,Z02,1163,Connecticut
1498,2006,Z01,1163,Connecticut
1499,2008,Z04,1163,Connecticut
1500,2009,Z01,1163,Connecticut
1501,2011,X03,1163,Connecticut
1502,2012,Y09,1163,Connecticut
1503,2014,W07,1163,Connecticut
1504,2016,Y09,1163,Connecticut
1505,1990,W09,1143,California
1506,1993,X06,1143,California
1507,1994,Z05,1143,California
1508,1996,X12,1143,California
1509,1997,W05,1143,California
1510,2001,Z08,1143,California
1511,2002,Y06,1143,California
1512,2003,W08,1143,California
1513,2006,W07,1143,California
1514,2009,Z07,1143,California
1515,2010,X08,1143,California
1516,2012,X12a,1143,California
1517,2013,W12,1143,California
1518,2016,Y04,1143,California
1519,1990,W13,1379,Southern Miss
1520,1991,W11,1379,Southern Miss
1521,2012,W09,1379,Southern Miss
1522,1990,X14,1411,TX Southern
1523,1994,X15,1411,TX Southern
1524,1995,Y15,1411,TX Southern
1525,2003,X16a,1411,TX Southern
1526,2014,Y16b,1411,TX Southern
1527,2015,Z15,1411,TX Southern
1528,1990,X16,1406,Towson
1529,1991,Y16,1406,Towson
1530,1990,Y14,1320,Northern Iowa
1531,2004,Z14,1320,Northern Iowa
1532,2005,Z11,1320,Northern Iowa
1533,2006,Y10,1320,Northern Iowa
1534,2009,Z12,1320,Northern Iowa
1535,2010,Y09,1320,Northern Iowa
1536,2015,W05,1320,Northern Iowa
1537,2016,Z11,1320,Northern Iowa
1538,1990,Y15,1164,Coppin St
1539,1993,W15,1164,Coppin St
1540,1997,W15,1164,Coppin St
1541,2008,W16a,1164,Coppin St
1542,1990,Z06,1308,New Mexico St
1543,1991,Z06,1308,New Mexico St
1544,1992,X12,1308,New Mexico St
1545,1993,W07,1308,New Mexico St
1546,1994,Y13,1308,New Mexico St
1547,1999,X14,1308,New Mexico St
1548,2007,W13,1308,New Mexico St
1549,2010,Y12,1308,New Mexico St
1550,2012,Y13,1308,New Mexico St
1551,2013,Y13,1308,New Mexico St
1552,2014,Z13,1308,New Mexico St
1553,2015,Y15,1308,New Mexico St
1554,1990,Z15,1378,South Florida
1555,1992,X11,1378,South Florida
1556,2012,X12b,1378,South Florida
1557,1991,W03,1329,Oklahoma St
1558,1992,Z02,1329,Oklahoma St
1559,1993,X05,1329,Oklahoma St
1560,1994,Y04,1329,Oklahoma St
1561,1995,W04,1329,Oklahoma St
1562,1998,Z08,1329,Oklahoma St
1563,1999,Y09,1329,Oklahoma St
1564,2000,W03,1329,Oklahoma St
1565,2001,W11,1329,Oklahoma St
1566,2002,Y07,1329,Oklahoma St
1567,2003,W06,1329,Oklahoma St
1568,2004,Y02,1329,Oklahoma St
1569,2005,X02,1329,Oklahoma St
1570,2009,W08,1329,Oklahoma St
1571,2010,Y07,1329,Oklahoma St
1572,2013,Y05,1329,Oklahoma St
1573,2014,Z09,1329,Oklahoma St
1574,2015,Z09,1329,Oklahoma St
1575,1991,W05,1280,Mississippi St
1576,1995,X05,1280,Mississippi St
1577,1996,Y05,1280,Mississippi St
1578,2002,X03,1280,Mississippi St
1579,2003,W05,1280,Mississippi St
1580,2004,W02,1280,Mississippi St
1581,2005,Y09,1280,Mississippi St
1582,2008,Y08,1280,Mississippi St
1583,2009,Z13,1280,Mississippi St
1584,1991,W13,1336,Penn St
1585,1996,W05,1336,Penn St
1586,2001,Z07,1336,Penn St
1587,2011,X10,1336,Penn St
1588,1991,W14,1307,New Mexico
1589,1993,Z05,1307,New Mexico
1590,1994,Z10,1307,New Mexico
1591,1996,W07,1307,New Mexico
1592,1997,W03,1307,New Mexico
1593,1998,Z04,1307,New Mexico
1594,1999,Z09,1307,New Mexico
1595,2005,Z12,1307,New Mexico
1596,2010,W03,1307,New Mexico
1597,2012,Z05,1307,New Mexico
1598,2013,Z03,1307,New Mexico
1599,2014,X07,1307,New Mexico
1600,1991,X05,1448,Wake Forest
1601,1992,X09,1448,Wake Forest
1602,1993,Y05,1448,Wake Forest
1603,1994,X05,1448,Wake Forest
1604,1995,W01,1448,Wake Forest
1605,1996,X02,1448,Wake Forest
1606,1997,Z03,1448,Wake Forest
1607,2001,Y07,1448,Wake Forest
1608,2002,X07,1448,Wake Forest
1609,2003,W02,1448,Wake Forest
1610,2004,Y04,1448,Wake Forest
1611,2005,W02,1448,Wake Forest
1612,2009,Y04,1448,Wake Forest
1613,2010,W09,1448,Wake Forest
1614,1991,X08,1113,Arizona St
1615,1995,Z05,1113,Arizona St
1616,2003,Z10,1113,Arizona St
1617,2009,X06,1113,Arizona St
1618,2014,Y10,1113,Arizona St
1619,1991,X15,1157,Coastal Car
1620,1993,Z16,1157,Coastal Car
1621,2014,W16,1157,Coastal Car
1622,2015,Z16,1157,Coastal Car
1623,1991,X16,1209,Georgia St
1624,2001,X11,1209,Georgia St
1625,2015,Z14,1209,Georgia St
1626,1991,Y12,1389,St Peter's
1627,1995,W15,1389,St Peter's
1628,2011,Z14,1389,St Peter's
1629,1991,Y13,1296,N Illinois
1630,1996,W14,1296,N Illinois
1631,1991,Z12,1453,WI Green Bay
1632,1994,Z12,1453,WI Green Bay
1633,1995,Y14,1453,WI Green Bay
1634,1996,X08,1453,WI Green Bay
1635,2016,Z14,1453,WI Green Bay
1636,1991,Z15,1384,St Francis PA
1637,1991,Z16,1285,Montana
1638,1992,X14,1285,Montana
1639,1997,Z16,1285,Montana
1640,2002,X15,1285,Montana
1641,2005,W16,1285,Montana
1642,2006,Y12,1285,Montana
1643,2010,W14,1285,Montana
1644,2012,W13,1285,Montana
1645,2013,W13,1285,Montana
1646,1992,W03,1269,Massachusetts
1647,1993,W03,1269,Massachusetts
1648,1994,Y02,1269,Massachusetts
1649,1995,W02,1269,Massachusetts
1650,1996,W01,1269,Massachusetts
1651,1997,W11,1269,Massachusetts
1652,1998,Z07,1269,Massachusetts
1653,2014,Y06,1269,Massachusetts
1654,1992,W14,1200,Fordham
1655,1992,W16,1144,Campbell
1656,1992,X13,1418,ULL
1657,1994,X11,1418,ULL
1658,2000,X13,1418,ULL
1659,2004,X14,1418,ULL
1660,2005,W13,1418,ULL
1661,2014,Z14,1418,ULL
1662,1992,X15,1183,E Illinois
1663,2001,Y15,1183,E Illinois
1664,1992,Y04,1153,Cincinnati
1665,1993,W02,1153,Cincinnati
1666,1994,Z08,1153,Cincinnati
1667,1995,X07,1153,Cincinnati
1668,1996,Y02,1153,Cincinnati
1669,1997,Y03,1153,Cincinnati
1670,1998,X02,1153,Cincinnati
1671,1999,W03,1153,Cincinnati
1672,2000,X02,1153,Cincinnati
1673,2001,X05,1153,Cincinnati
1674,2002,Z01,1153,Cincinnati
1675,2003,Z08,1153,Cincinnati
1676,2004,W04,1153,Cincinnati
1677,2005,Y07,1153,Cincinnati
1678,2011,X06,1153,Cincinnati
1679,2012,W06,1153,Cincinnati
1680,2013,Y10,1153,Cincinnati
1681,2014,W05,1153,Cincinnati
1682,2015,Y08,1153,Cincinnati
1683,2016,Z09,1153,Cincinnati
1684,1992,Y13,1174,Delaware
1685,1993,X13,1174,Delaware
1686,1998,Y15,1174,Delaware
1687,1999,W13,1174,Delaware
1688,2014,W13,1174,Delaware
1689,1992,Y16,1224,Howard
1690,1992,Z10,1408,Tulane
1691,1993,Y11,1408,Tulane
1692,1995,Z09,1408,Tulane
1693,1993,W11,1264,Manhattan
1694,1995,Z13,1264,Manhattan
1695,2003,W14,1264,Manhattan
1696,2004,Y12,1264,Manhattan
1697,2014,Y13,1264,Manhattan
1698,2015,Y16b,1264,Manhattan
1699,1993,W13,1221,Holy Cross
1700,2001,W15,1221,Holy Cross
1701,2002,X16,1221,Holy Cross
1702,2003,Y14,1221,Holy Cross
1703,2007,Z13,1221,Holy Cross
1704,2016,Z16a,1221,Holy Cross
1705,1993,W16,1187,East Carolina
1706,1993,X12,1266,Marquette
1707,1994,X06,1266,Marquette
1708,1996,W04,1266,Marquette
1709,1997,X07,1266,Marquette
1710,2002,W05,1266,Marquette
1711,2003,Y03,1266,Marquette
1712,2006,X07,1266,Marquette
1713,2007,W08,1266,Marquette
1714,2008,Y06,1266,Marquette
1715,2009,Z06,1266,Marquette
1716,2010,W06,1266,Marquette
1717,2011,W11,1266,Marquette
1718,2012,Z03,1266,Marquette
1719,2013,W03,1266,Marquette
1720,1993,X14,1356,S Illinois
1721,1994,Z11,1356,S Illinois
1722,1995,Y10,1356,S Illinois
1723,2002,W11,1356,S Illinois
1724,2003,Y11,1356,S Illinois
1725,2004,X09,1356,S Illinois
1726,2005,X07,1356,S Illinois
1727,2006,W11,1356,S Illinois
1728,2007,Z04,1356,S Illinois
1729,1993,X16,1460,Wright St
1730,2007,Z14,1460,Wright St
1731,1993,Y15,1398,Tennessee St
1732,1994,X14,1398,Tennessee St
1733,1993,Y16,1351,Rider
1734,1994,W15,1351,Rider
1735,1993,Z11,1253,Long Beach St
1736,1995,X13,1253,Long Beach St
1737,2007,X12,1253,Long Beach St
1738,2012,Z12,1253,Long Beach St
1739,1993,Z12,1203,G Washington
1740,1994,W10,1203,G Washington
1741,1996,Z11,1203,G Washington
1742,1998,Z09,1203,G Washington
1743,1999,Y11,1203,G Washington
1744,2005,W12,1203,G Washington
1745,2006,W08,1203,G Washington
1746,2007,W11,1203,G Washington
1747,2014,W09,1203,G Washington
1748,1994,W08,1450,Washington St
1749,2007,W03,1450,Washington St
1750,2008,W04,1450,Washington St
1751,1994,W14,1241,James Madison
1752,2013,W16a,1241,James Madison
1753,1994,W16,1251,Liberty
1754,2004,Y16,1251,Liberty
1755,2013,Y16a,1251,Liberty
1756,1994,X12,1158,Col Charleston
1757,1997,X12,1158,Col Charleston
1758,1998,Y14,1158,Col Charleston
1759,1999,W08,1158,Col Charleston
1760,1994,X16,1416,UCF
1761,1996,W16,1416,UCF
1762,2004,Y14,1416,UCF
1763,2005,Z15,1416,UCF
1764,1994,Y07,1387,St Louis
1765,1995,W09,1387,St Louis
1766,1998,Z10,1387,St Louis
1767,2000,Y09,1387,St Louis
1768,2012,Z09,1387,St Louis
1769,2013,Y04,1387,St Louis
1770,2014,Y05,1387,St Louis
1771,1994,Y15,1402,Texas St
1772,1997,Y16,1402,Texas St
1773,1994,Z09,1458,Wisconsin
1774,1997,W07,1458,Wisconsin
1775,1999,W05,1458,Wisconsin
1776,2000,Z08,1458,Wisconsin
1777,2001,X06,1458,Wisconsin
1778,2002,W08,1458,Wisconsin
1779,2003,Y05,1458,Wisconsin
1780,2004,Y06,1458,Wisconsin
1781,2005,Z06,1458,Wisconsin
1782,2006,Y09,1458,Wisconsin
1783,2007,Y02,1458,Wisconsin
1784,2008,X03,1458,Wisconsin
1785,2009,W12,1458,Wisconsin
1786,2010,W04,1458,Wisconsin
1787,2011,Y04,1458,Wisconsin
1788,2012,W04,1458,Wisconsin
1789,2013,Z05,1458,Wisconsin
1790,2014,Z02,1458,Wisconsin
1791,2015,Z01,1458,Wisconsin
1792,2016,W07,1458,Wisconsin
1793,1994,Z13,1218,Hawaii
1794,2001,Y12,1218,Hawaii
1795,2002,Z10,1218,Hawaii
1796,2016,Y13,1218,Hawaii
1797,1994,Z15,1259,Loyola MD
1798,2012,W15,1259,Loyola MD
1799,1995,X06,1332,Oregon
1800,2000,W07,1332,Oregon
1801,2002,X02,1332,Oregon
1802,2003,Y08,1332,Oregon
1803,2007,Y03,1332,Oregon
1804,2008,Y09,1332,Oregon
1805,2013,Y12,1332,Oregon
1806,2014,Z07,1332,Oregon
1807,2015,Z08,1332,Oregon
1808,2016,Z01,1332,Oregon
1809,1995,X14,1211,Gonzaga
1810,1999,Z10,1211,Gonzaga
1811,2000,Z10,1211,Gonzaga
1812,2001,Z12,1211,Gonzaga
1813,2002,Z06,1211,Gonzaga
1814,2003,Z09,1211,Gonzaga
1815,2004,Z02,1211,Gonzaga
1816,2005,W03,1211,Gonzaga
1817,2006,X03,1211,Gonzaga
1818,2007,Z10,1211,Gonzaga
1819,2008,X07,1211,Gonzaga
1820,2009,X04,1211,Gonzaga
1821,2010,Z08,1211,Gonzaga
1822,2011,Y11,1211,Gonzaga
1823,2012,W07,1211,Gonzaga
1824,2013,Z01,1211,Gonzaga
1825,2014,Z08,1211,Gonzaga
1826,2015,X02,1211,Gonzaga
1827,2016,X11,1211,Gonzaga
1828,1995,X16,1198,Florida Intl
1829,1995,Y13,1311,Nicholls St
1830,1998,X16,1311,Nicholls St
1831,1995,Y16,1159,Colgate
1832,1996,Y16,1159,Colgate
1833,1995,Z14,1451,Weber St
1834,1999,Z14,1451,Weber St
1835,2003,Y12,1451,Weber St
1836,2007,Z15,1451,Weber St
1837,2014,Z16,1451,Weber St
1838,2016,W15,1451,Weber St
1839,1995,Z16,1291,Mt St Mary's
1840,1999,X16,1291,Mt St Mary's
1841,2008,W16b,1291,Mt St Mary's
1842,2014,X16b,1291,Mt St Mary's
1843,1996,W13,1284,Monmouth NJ
1844,2001,W16,1284,Monmouth NJ
1845,2004,W15,1284,Monmouth NJ
1846,2006,Y16b,1284,Monmouth NJ
1847,1996,X13,1145,Canisius
1848,1996,X14,1339,Portland
1849,1996,X16,1363,San Jose St
1850,1996,Y15,1422,UNC Greensboro
1851,2001,X16,1422,UNC Greensboro
1852,1996,Z14,1434,Valparaiso
1853,1997,Z12,1434,Valparaiso
1854,1998,Y13,1434,Valparaiso
1855,1999,Y15,1434,Valparaiso
1856,2000,Y16,1434,Valparaiso
1857,2002,W13,1434,Valparaiso
1858,2004,Z15,1434,Valparaiso
1859,2013,Y14,1434,Valparaiso
1860,2015,Y13,1434,Valparaiso
1861,1996,Z16,1441,W Carolina
1862,1997,W09,1160,Colorado
1863,2003,X10,1160,Colorado
1864,2012,Y11,1160,Colorado
1865,2013,W10,1160,Colorado
1866,2014,X08,1160,Colorado
1867,2016,Y08,1160,Colorado
1868,1997,W13,1254,Long Island
1869,2011,W15,1254,Long Island
1870,2012,Z16,1254,Long Island
1871,2013,W16b,1254,Long Island
1872,1997,X16,1238,Jackson St
1873,2000,Z16,1238,Jackson St
1874,2007,Y16,1238,Jackson St
1875,1997,Y08,1279,Mississippi
1876,1998,Y04,1279,Mississippi
1877,1999,X09,1279,Mississippi
1878,2001,Y03,1279,Mississippi
1879,2002,Z09,1279,Mississippi
1880,2013,Z12,1279,Mississippi
1881,2015,Z11b,1279,Mississippi
1882,1997,Y14,1139,Butler
1883,1998,Z13,1139,Butler
1884,2000,W12,1139,Butler
1885,2001,Y10,1139,Butler
1886,2003,W12,1139,Butler
1887,2007,Y05,1139,Butler
1888,2008,W07,1139,Butler
1889,2009,X09,1139,Butler
1890,2010,Z05,1139,Butler
1891,2011,Y08,1139,Butler
1892,2013,W06,1139,Butler
1893,2015,Y06,1139,Butler
1894,2016,X09,1139,Butler
1895,1997,Y15,1149,Charleston So
1896,1997,Z13,1334,Pacific
1897,2004,Z12,1334,Pacific
1898,2005,W08,1334,Pacific
1899,2006,Y13,1334,Pacific
1900,2013,W15,1334,Pacific
1901,1998,W09,1227,IL Chicago
1902,2002,Z15,1227,IL Chicago
1903,2004,Z13,1227,IL Chicago
1904,1998,X14,1362,San Francisco
1905,1998,X15,1319,Northern Arizona
1906,2000,Z15,1319,Northern Arizona
1907,1998,Y10,1178,Detroit
1908,1999,Y12,1178,Detroit
1909,2012,X15,1178,Detroit
1910,1998,Y11,1444,W Michigan
1911,2004,X11,1444,W Michigan
1912,2014,X14,1444,W Michigan
1913,1998,Y16,1341,Prairie View
1914,1998,Z11,1274,Miami FL
1915,1999,W02,1274,Miami FL
1916,2000,X06,1274,Miami FL
1917,2002,Z05,1274,Miami FL
1918,2008,Y07,1274,Miami FL
1919,2013,W02,1274,Miami FL
1920,2016,Y03,1274,Miami FL
1921,1998,Z16,1347,Radford
1922,2009,X16,1347,Radford
1923,1999,W11,1245,Kent
1924,2001,X13,1245,Kent
1925,2002,Y10,1245,Kent
1926,2006,X12,1245,Kent
1927,2008,X09,1245,Kent
1928,1999,W15,1248,Lafayette
1929,2000,W15,1248,Lafayette
1930,2015,W16,1248,Lafayette
1931,1999,W16,1197,Florida A&M
1932,2004,Z16a,1197,Florida A&M
1933,2007,Z16a,1197,Florida A&M
1934,1999,X15,1117,Arkansas St
1935,1999,Y14,1359,Samford
1936,2000,Y13,1359,Samford
1937,1999,Y16,1457,Winthrop
1938,2000,Z14,1457,Winthrop
1939,2001,Y16b,1457,Winthrop
1940,2002,Y16,1457,Winthrop
1941,2005,W14,1457,Winthrop
1942,2006,Z15,1457,Winthrop
1943,2007,Y11,1457,Winthrop
1944,2008,W13,1457,Winthrop
1945,2010,X16b,1457,Winthrop
1946,1999,Z15,1108,Alcorn St
1947,2002,W16a,1108,Alcorn St
1948,2000,W14,1220,Hofstra
1949,2001,W13,1220,Hofstra
1950,2000,W16,1249,Lamar
1951,2012,X16a,1249,Lamar
1952,2000,X14,1111,Appalachian St
1953,2000,X15,1423,UNC Wilmington
1954,2002,Y13,1423,UNC Wilmington
1955,2003,X11,1423,UNC Wilmington
1956,2006,W09,1423,UNC Wilmington
1957,2016,Z13,1423,UNC Wilmington
1958,2000,Y12,1382,St Bonaventure
1959,2012,W14,1382,St Bonaventure
1960,2000,Y15,1148,Central Conn
1961,2002,Y14,1148,Central Conn
1962,2007,X16,1148,Central Conn
1963,2000,Z09,1201,Fresno St
1964,2001,Z09,1201,Fresno St
1965,2016,X14,1201,Fresno St
1966,2000,Z12,1232,Indiana St
1967,2001,Z13,1232,Indiana St
1968,2011,W14,1232,Indiana St
1969,2000,Z13,1369,SE Missouri St
1970,2001,W14,1381,Southern Utah
1971,2001,X15,1214,Hampton
1972,2002,W15,1214,Hampton
1973,2006,Y16a,1214,Hampton
1974,2011,X16,1214,Hampton
1975,2015,Y16a,1214,Hampton
1976,2016,X16,1214,Hampton
1977,2001,Y13,1169,CS Northridge
1978,2009,Z15,1169,CS Northridge
1979,2001,Y16a,1322,Northwestern LA
1980,2006,W14,1322,Northwestern LA
1981,2013,X14,1322,Northwestern LA
1982,2001,Z16,1106,Alabama St
1983,2004,W16,1106,Alabama St
1984,2009,Y16a,1106,Alabama St
1985,2011,W16a,1106,Alabama St
1986,2002,Y15,1194,FL Atlantic
1987,2003,X14,1407,Troy
1988,2003,X15,1358,Sam Houston St
1989,2010,X14,1358,Sam Houston St
1990,2003,X16b,1421,UNC Asheville
1991,2011,Y16b,1421,UNC Asheville
1992,2012,W16,1421,UNC Asheville
1993,2016,Y15,1421,UNC Asheville
1994,2003,Y15,1447,Wagner
1995,2003,Y16,1237,IUPUI
1996,2003,Z12,1454,WI Milwaukee
1997,2005,X12,1454,WI Milwaukee
1998,2006,Y11,1454,WI Milwaukee
1999,2014,W15,1454,WI Milwaukee
2000,2003,Z16,1436,Vermont
2001,2004,X15,1436,Vermont
2002,2005,Y13,1436,Vermont
2003,2010,Z16,1436,Vermont
2004,2012,X16b,1436,Vermont
2005,2004,W11,1102,Air Force
2006,2006,Z13,1102,Air Force
2007,2004,Y15,1186,E Washington
2008,2015,X13,1186,E Washington
2009,2005,X15,1368,SE Louisiana
2010,2005,Y14,1310,Niagara
2011,2007,Z16b,1310,Niagara
2012,2005,Y15,1184,E Kentucky
2013,2007,W16,1184,E Kentucky
2014,2014,X15,1184,E Kentucky
2015,2005,Y16,1175,Delaware St
2016,2005,Z16a,1105,Alabama A&M
2017,2005,Z16b,1324,Oakland
2018,2010,Z14,1324,Oakland
2019,2011,X13,1324,Oakland
2020,2006,X15,1125,Belmont
2021,2007,W15,1125,Belmont
2022,2008,Z15,1125,Belmont
2023,2011,Y13,1125,Belmont
2024,2012,X14,1125,Belmont
2025,2013,Z11,1125,Belmont
2026,2015,W15,1125,Belmont
2027,2006,X16,1331,Oral Roberts
2028,2007,W14,1331,Oral Roberts
2029,2008,Y13,1331,Oral Roberts
2030,2006,Z16,1107,Albany NY
2031,2007,X13,1107,Albany NY
2032,2013,Y15,1107,Albany NY
2033,2014,X16a,1107,Albany NY
2034,2015,W14,1107,Albany NY
2035,2007,Y15,1394,TAM C. Christi
2036,2008,W15,1110,American Univ
2037,2009,W14,1110,American Univ
2038,2014,Z15,1110,American Univ
2039,2008,X14,1168,CS Fullerton
2040,2008,X15,1420,UMBC
2041,2008,X16,1340,Portland St
2042,2009,W13,1340,Portland St
2043,2008,Y16,1426,UT Arlington
2044,2008,Z05,1179,Drake
2045,2009,W15,1127,Binghamton
2046,2009,X14,1372,SF Austin
2047,2014,X12,1372,SF Austin
2048,2015,X12,1372,SF Austin
2049,2016,W14,1372,SF Austin
2050,2009,X15,1288,Morgan St
2051,2010,W15,1288,Morgan St
2052,2009,Y14,1295,N Dakota St
2053,2014,Z12,1295,N Dakota St
2054,2015,X15,1295,N Dakota St
2055,2009,Y16b,1287,Morehead St
2056,2011,Z13,1287,Morehead St
2057,2010,W13,1459,Wofford
2058,2011,Y14,1459,Wofford
2059,2014,Y15,1459,Wofford
2060,2015,Z12,1459,Wofford
2061,2010,X16a,1115,Ark Pine Bluff
2062,2011,X15,1294,N Colorado
2063,2012,W12,1217,Harvard
2064,2013,Z14,1217,Harvard
2065,2014,W12,1217,Harvard
2066,2015,Z13,1217,Harvard
2067,2012,Y14,1355,S Dakota St
2068,2013,X13,1355,S Dakota St
2069,2016,Y12,1355,S Dakota St
2070,2012,Z15,1313,Norfolk St
2071,2013,X15,1195,FL Gulf Coast
2072,2016,W16b,1195,FL Gulf Coast
2073,2014,W14,1300,NC Central
2074,2014,Y16a,1142,Cal Poly SLO
2075,2015,W13,1414,UC Irvine
2076,2015,X16a,1316,North Florida
2077,2015,Y12,1138,Buffalo
2078,2016,Y14,1138,Buffalo
2079,2016,W13,1392,Stony Brook
2080,2016,Z12,1463,Yale
2081,2016,Z15,1167,CS Bakersfield
